{
  "map_50_95": 0.11829682118213163,
  "map_50": 0.2584036746611124,
  "val_loss": 49.12233280790025,
  "best_map_50_95": 0.20034200743381922,
  "best_map_50": 0.37128424254400605,
  "best_epoch": 18
}